Glaciaxion.SunsetRay.0	Glaciaxion	SunsetRay	艾若拉	15.420000076293945	42.849998474121094	Barbarianerman	阿爽 fixed by Clutter	Barbarianerman vs. NerSAN	
EradicationCatastrophe.NceS.0	Eradication Catastrophe	NceS	海产	48.012001037597656	60.013999938964844	Barbarianerman	Barbarianerman fixed by Clutter	Barbarianerman	
Credits.Frums.0	Credits	Frums	Ctymax	32.0	47.0	Ctymax	Ctymax	Ctymax	_鉄 (Isotope 59)
Dlyrotz.Likey.0	Dlyrotz	Likey	DoublePian	23.0	38.0	Su1fuR	Su1fuR	XMT小咩兔 vs. Barbarianerman	
EnginexStartmelodymix.CrossingSound.0	Engine x Start!! (melody mix)	CrossingSound	赤芽	47.7400016784668	69.66999816894531	Clutter	Clutter	阿爽	
光.姜米條.0	光	姜米條	winder	63.33000183105469	97.33000183105469	Catcats & 百九十八 fixed by Clutter	Catcats & 百九十八 fixed by Clutter	Catcats & 百九十八	
Wintercube.CtymaxfeatNceS.0	Winter ↑cube↓	Ctymax feat. NceS	翠冷兮	9.5	24.5	Ctymax after 7 years	Salt	百九十八	
Cipher20.TetrajectoryfeatCtymax.0	Cipher : /2&//<|0	Tetrajectory feat. Ctymax	IvyTowers	37.540000915527344	60.33000183105469	M3d1uM	M3d1uM	Barbarianerman feat. Gausbon	
混乱Confusion.OnlyMyBlackScore.0	混乱-Confusion	Only My Black Score	L-sp4	77.33000183105469	100.0	StR-1	StR-1	XMT小咩兔	
FULiAUTOSHOOTER.MYUKKE.0	FULi AUTO SHOOTER	MYUKKE.	ViscerA & Psycholine	53.78099822998047	67.86199951171875	Knight	Knight	AUTO. SHOOTER. fixed by Ctymax	
HumaN.SOTUI.0	HumaN	SOTUI	CH	84.98899841308594	101.3280029296875	Clutter	Clutter	CN_115+TangScend	
PRAW.Bluewind.0	[PRAW]	Bluewind	老张	129.13999938964844	149.7100067138672	Likey	Likey	晨 vs. 阿爽	
PixelRebelz.Normal1zer.0	Pixel Rebelz	Normal1zer	艾是Abby	110.4000015258789	139.1999969482422	Knight	Knight	NerSAN	
Cereris.SunsetRayNceS.0	Cereris	SunsetRay/NceS	IvyTowers	57.58000183105469	73.66999816894531	Su1fuR	Su1fuR	StupiGGy	
NonMelodicRagezMUGEdit.Normal1zer.0	Non-Melodic Ragez (MUG Edit)	Normal1zer	cycats	63.084999084472656	76.68199920654297	Clutter	Clutter	分化者 fixed by Barbarianerman	
SultanRage.MonstDeath.0	Sultan Rage	MonstDeath	笔记RE	15.869999885559082	30.8700008392334	百九十八	百九十八	百九十八	
ClassMemories.AntistarfeatCtymax.0	Class Memories	Antistar feat. Ctymax	xperz	73.5	92.5	M3d1uM	M3d1uM	JKy	
SURREALISM.Itsuki.0	-SURREALISM-	Itsuki	喵n葵	54.66600036621094	68.0	Su1fuR	Su1fuR	-StupiGGy- fixed by 晨	
BonusTime.MegaloPaleWhite.0	Bonus Time	Megalo_PaleWhite	笔记RE	23.360000610351562	38.36000061035156	Clutter	Clutter	Uvernight fixed by 百九十八	
ENERGYSYNERGYMATRIX.Tanchiky.0	ENERGY SYNERGY MATRIX	Tanchiky	Karameru	85.5260009765625	99.12000274658203	Su1fuR	Su1fuR	Ctymax vs. 阿爽  fixed by B B M pow	
NYA.FLuoRiTe姜米條.0	NYA!!! (Phigros ver.)	FLuoRiTe/姜米條	NEKO&海产	39.349998474121094	51.810001373291016	HCC!!!	HCC!!!	HCC!!!	
JunXionBetweenLifeAndDeathVIPMix.1N6Fs.0	JunXion Between Life And Death(VIP Mix)	1N6Fs	IvyTowers	111.21900177001953	126.21900177001953	鲲&百九十八	鲲&百九十八	鲲&百九十八	
cryout.JuE.0	cryout	Ju_E	Haight	54.0	69.0	Ctymax	Ctymax	Ctymax but 5 years later	
Reimei.影虎.0	Reimei	影虎。	英英英	95.67500305175781	110.67500305175781	百九十八	百九十八	百九十八	
尊師TheGuru.rider.0	尊師 ～The Guru～	rider	1B	91.56900024414062	113.74099731445312	M3d1uM	M3d1uM	奥術 ~The Empery~	
Spasmodic.姜米條颶風元力上人.0	Spasmodic	姜米條☆颶風 ~ ♫元力上人♫	昔璃☆暴雨 ~ ♫危難聖帝♫	72.5999984741211	92.4000015258789	無極☆雷鳴 ~ ♫死の序曲♫	無極☆雷鳴 ~ ♫死の序曲♫	無極☆雷鳴 ~ ♫死の序曲♫	無極☆雷鳴 ~ ♫死の序曲♫
LeaveAllBehind.rider.0	Leave All Behind	rider	笔记RE	27.187999725341797	40.0	亚树见希子 & 百九十八	亚树见希子 & 百九十八	亚树见希子 & 百九十八	
ColorfulDays.P4koofeatつゆり花鈴.0	Colorful Days♪	P4koo feat. つゆり花鈴	Doro-nyong & Ratif	47.02000045776367	61.0	阿♪爽	阿♪爽	阿♪爽	
microwav.dandeless.0	micro.wav	dandeless	snake.ribs	29.30500030517578	46.053001403808594	百九十八	百九十八	百九十八	
重生.姜米條.0	重生	姜米條	昔璃&TNiK	61.53200149536133	81.23400115966797	Barbarianerman	Barbarianerman	Barbarianerman	
NOONEYESMAN.MYUKKE.0	NO ONE YES MAN	MYUKKE.	青鸟	28.952999114990234	43.952999114990234	Ctymax	晨	晨 vs. Ctymax	
望影の方舟Six.SeURa.0	望影の方舟Six	Se-U-Ra	鲸弑	71.11399841308594	96.51399993896484	六回目Traveler Scend	六回目Traveler Scend	六回目Traveler Scend as "Knight of Arq"	
Igallta.SeURa.0	Igallta	Se-U-Ra	Se-U-Ra	79.82599639892578	94.82599639892578	信仰の剣『生』	平川の剣『士』	夜明の剣『靈』	断罪の剣『神』
ClockParadox.WyvernP.0	Clock Paradox	WyvernP	汉堡	114.4280014038086	142.28500366210938	Barbarianerman vs. Alloces	Barbarianerman vs. Alloces	Barbarianerman vs. Alloces	
Chronologika.Hundotte.0	Chronologika	Hundotte	幽灵星	62.7599983215332	84.0	TimiTini	XMT小咩兔	Ctymax vs. Barbarianerman	
NickofTime.P4koo.0	Nick of Time	P4koo	青鸟	68.5999984741211	83.5999984741211	晨 vs. XMT小咩兔	晨 vs. XMT小咩兔	NerSAN	
Chronomia.Lime.0	Chronomia	Lime	inukoro	70.38700103759766	87.75299835205078	Pcat	Rikko	時の希 & 百九十八	
ChronosCollapseLaCampanella.SunsetRay.0	Chronos Collapse - La Campanella	SunsetRay	老张	12.21399974822998	30.033000946044922	Pcat『Scatter』	阿爽『Destroy』	NerSAN vs. 阿爽 『Collapse』	
Rrharil.TeamGrimoire.0	Rrhar'il	Team Grimoire	犀牛坨动画工坊	84.62200164794922	99.7969970703125	RDRT -p 19:08:31	RDRT -p 20:02:21	RDRT -p 20:08:31	RWND -p 16493:62786:92551
CraveWave.LandRoot.0	Crave Wave	LandRoot	笔记RE	95.0	110.0	Likey	Likey	Likey feat. 198	
TheChariotREVIIVAL.Attoclef.0	The Chariot ~REVIIVAL~	Attoclef	翠冷兮	80.83999633789062	102.13500213623047	M3d1uM	Alloces	Ctymax drives in BlindForest	
Luminescence.米虾Fomiki初云CLoudie.0	Luminescence	米虾Fomiki & 初云CLoudie	子狼	106.30400085449219	130.4340057373047	XMT小咩兔	XMT小咩兔	Pcat & 百九十八	
Retribution.nmyKryexe.0	Retribution	nm-y & Kry.exe	NerSAN	102.31500244140625	122.5260009765625	NerSAN	NerSAN	Ner as "SPΔDE"	
DESTRUCTION321.Normal1zervsBrokenNerdz.0	DESTRUCTION 3,2,1	Normal1zer vs. Broken Nerdz	rN	105.31800079345703	123.96099853515625	{Demolition,Devastation,Destruction}	{Devastation,Destruction}	{Destruction}	∅
DistortedFate.Sakuzyo.0	Distorted Fate	Sakuzyo	knife美工刀	99.4000015258789	119.4000015258789	De Fiance	Doubt Ful	Divination Fortune	unDefined Future
Doppelganger.LeaF.0	Doppelganger	LeaF	海产	3.869999885559082	16.61400032043457	Lumiere	Lumiere	Gausbon	
もぺもぺ.LeaF.0	もぺもぺ	LeaF	cycat	7.199999809265137	21.0	阿爽 fixed by Barbarinerman	阿爽 fixed by Barbarinerman	阿爽	阿爽
MARENOL.LeaF.0	MARENOL	LeaF	喵n葵	17.139999389648438	32.56999969482422	H.C.C. fixed by Barbarinerman	H.C.C. fixed by Barbarinerman	百九十八	
萤火虫の怨.闫东炜.0	萤火虫の怨	闫东炜	L-sp4	102.0	113.4000015258789	阿爽 & 百九十八	阿爽 & 百九十八	阿爽 & 百九十八	
万吨匿名信.闫东炜.0	万吨匿名信	闫东炜	IvyTowers	120.0	136.0	猫の信 & 百九十八	猫の信 & 百九十八	猫の信 & 百九十八	
风屿.闫东炜.0	风屿	闫东炜	cycats	120.0	142.5800018310547	Arenn Saki vs. Catcats vs. 百九十八	Arenn Saki vs. Catcats vs. 百九十八	Arenn Saki vs. Catcats vs. 百九十八	JKy
dBdoll.YUESTEVENuen.0	dB doll	YUE.STEVEN/uen	何呵	50.619998931884766	68.75	阿爽 fixed by Barbarianerman	阿爽 fixed by Barbarianerman	阿爽	NerSAN & 百九十八
Dash.小红Akane李祥辉.0	Dash	小红Akane，李祥晖	艾是Abby	60.03499984741211	76.87200164794922	阿爽 fixed by Barbarianerman	阿爽 fixed by Barbarianerman	JKy	
云女孩.符白牙SiYFics.0	云女孩	符白牙/SiYFics	御坂果子	26.31999969482422	51.09000015258789	Cloud Catcats	Cloud Catcats	云正太	
DropIt.Asuka.0	Drop It	Asuka	TNiK	60.95000076293945	93.33000183105469	Drop Catcats	Drop Catcats	NerSAN & 百九十八	
RIPPER.Friedwav.0	RIPPER	Friedwav	何呵	107.19999694824219	132.8000030517578	撕裂者『無極』 fixed by 晨	撕裂者『無極』 fixed by 晨	撕裂者『Alloces vs. Shin』	
Aphasia.闫东炜.0	Aphasia	闫东炜	笔记RE	82.96700286865234	97.96700286865234	百九十八	百九十八	百九十八	
开心病.闫东炜.0	开心病	闫东炜	昔璃	31.141000747680664	42.4900016784668	HaraKuma	HaraKuma	Barbarianerman feat. 晨	
華灯爱.闫东炜.0	華灯爱	闫东炜	IvyTowers	82.0	98.0	HaraKuma	HaraKuma	Barbarianerman	
FindMe.Kforest.0	Find_Me	K-forest	YuKiMuMa	78.76000213623047	93.76000213623047	Find_Ctymax	Find_Ctymax	Find_Ctymax fixed by 百九十八	
Sein.朔Apo11oprogramvsお月さま交響曲ftkuroa荒巻.0	Sein	朔(Apo11o program vs. お月さま交響曲) ft. kuroa*×荒巻	hideo	37.737998962402344	52.1870002746582	A.S.H	A.S.H	A.S.H&晨	
狂喜蘭舞.LeaF.0	狂喜蘭舞	LeaF	DoublePian	61.560001373291016	79.30000305175781	Catcats a.k.a. 無極 vs. H.C.C. fixed by 晨	Catcats a.k.a. 無極 vs. H.C.C. fixed by Pcat	晨	Catcats a.k.a. 無極 vs. H.C.C. fixed by 野从&晨
SparkleNewLife.rider.0	Sparkle New Life	rider	1B	32.0	47.0	Sparkle Ctymax	Sparkle Ctymax	Sparkle Ctymax fixed by 百九十八	
KhronostasisKatharsis.Halv.0	Khronostasis Katharsis	Halv	utosao	84.5	100.5	XMT小咩兔 & Myna	XMT小咩兔 & Myna	StupiGGy fixed by 百九十八	
SnowDesert.WyvernP.0	Snow Desert	WyvernP	knife美工刀	77.5	92.5	VikingNexus	VikingNexus	VikingNexus	
Burn.NceS.0	Burn	NceS	knife美工刀	81.0	96.0	Ctymatch Girl	Burn Full Catcats	Burn Full Catcats vs. Ctymatch Girl	
Aleph0.LeaF.0	Aleph-0	LeaF	Optie	11.519000053405762	26.45599937438965	Clutter	Clutter	Clutter	
NextTime.SaMZIng.0	Next Time	SaMZIng	叶藤	45.24700164794922	67.20999908447266	Gausbon ~ See you next time ~ 	Gausbon ~ See you next time ~ 	Gausbon ~ See you next time ~ 	
RubbishSorting.CtymaxvsNceS.0	Rubbish Sorting	Ctymax vs. NceS	knife美工刀	46.869998931884766	63.7400016784668	阿爽 vs. Ctymax -Haose 垃圾-	阿爽 vs. Ctymax -Haose 垃圾-	阿爽 vs. Ctymax -Haose 垃圾-	
AnotherMe.NeutralMoon.0	Another Me	Neutral Moon	IvyTowers	76.91600036621094	98.75	Another M3	Another M3	NerSAN	
mechanted.rareguy.0	mechanted	rareguy	IvyTowers	83.74099731445312	101.86599731445312	Ctymax	Ctymax	Ctymax	
lifeflashesbeforeweebeyes.BilliumMoto.0	life flashes before weeb eyes	BilliumMoto	百九十八	17.972999572753906	33.03900146484375	百九十八	百九十八	百九十八	
BreakThroughTheBarrier.lixound.0	Break Through The Barrier	lixound	Xquid	77.72000122070312	99.54000091552734	Su1fuR	Su1fuR	百九十八	
Chronostasis.黒皇帝.0	Chronostasis	黒皇帝	Sand	36.28300094604492	51.51100158691406	Uvernight	Uvernight	Gausbon fixed by XMT	
DeadSoul.SoundSouler.0	Dead Soul	Sound Souler	Photonskyto	14.626999855041504	34.09600067138672	Phigros Charting Team	Phigros Charting Team	Phigros Charting Team	
InfinityHeaven.HyuN.0	Infinity Heaven	HyuN	DoublePian	48.82600021362305	73.44999694824219	晨 vs. 阿爽	晨 vs. 阿爽	晨 vs. 阿爽	
Disorder.HyuNfeatYURI.0	Disorder	HyuN feat. YURI	Nabom	27.38599967956543	47.308998107910156	Gausbon	Gausbon	Gausbon	
CROSSSOUL.HyuNfeatSyepias.0	CROSS†SOUL	HyuN feat. Syepias	knife美工刀	92.4000015258789	111.5999984741211	無†極	無†極 fixed by Rikko	無†極	
SpeedUp.DarTokki.0	Speed Up!	DarTokki	TNiK	57.10300064086914	72.10299682617188	Ctymax vs. 百九十八	Ctymax vs. 百九十八	Ctymax vs. 百九十八	
MagentaPotion.EmoCo.0	Magenta Potion	EmoCo.	NOISER	28.395000457763672	47.98899841308594	Ctymax vs. 晨	Ctymax vs. 晨	Ctymax vs. 晨	
GetBack.CAP3.0	Get Back	CAP3	TNiK	30.0	46.875	JKy	JKy	JKy	
Palescreen.WyvernPfeatMadol.0	Palescreen	WyvernP feat. Madol	GAMEBAKA	24.97100067138672	38.49700164794922	Jeitie	Jeitie	Jeitie	
GOODTEK.EBIMAYO.0	GOODTEK	EBIMAYO	Ctymax feat. EBIMAYO	91.89299774169922	106.89299774169922	百九十八	百九十八	百九十八	
GOODBOUNCE.EBIMAYO.0	GOODBOUNCE	EBIMAYO	EBIMAYO	44.0	64.0	Gausbounce & 晨	Gausbounce	Ctymax vs. Gausbounce	
GOODWORLD.EBIMAYO.0	GOODWORLD	EBIMAYO	EBIMAYO	105.82599639892578	123.46299743652344	阿爽	StupiGGy	StupiGGy vs. 阿爽	
GOODFORTUNE.EBIMAYO.0	GOODFORTUNE	EBIMAYO	Ctymax	102.70500183105469	117.70500183105469	晨	晨	晨	
GOODRAGE.EBIMAYO.0	GOODRAGE	EBIMAYO	Ctymax feat. EBIMAYO	90.80999755859375	109.18000030517578	阿爽	阿爽	Ctymax vs. 阿爽	
TheMountainEater.PaulBazooka.0	The Mountain Eater	Paul Bazooka	START SEED	18.89699935913086	33.89699935913086	百九十八	百九十八	百九十八	
Orthodox.tokiwa.0	Orthodox	tokiwa	cycats	55.44300079345703	70.44300079345703	StR-1	StR-1	Uvernight fixed by StR-1	
EndMe.ZxNXasDelaina.0	End Me	ZxNX as "Delaina"	何呵	66.0	86.0	鲲	鲲	鲲 fixed by 百九十八	
ParallelRetrogressionGameVer.Tetrajectory.0	Parallel Retrogression(Game Ver.)	Tetrajectory	青鸟	55.29999923706055	75.30000305175781	HaraKuma	HaraKuma	HaraKuma	
Starduster.Quree.0	Starduster	Quree	IvyTowers	63.29999923706055	80.69999694824219	NerSAN	NerSAN	NerSAN	
Electron.ElousFZ.0	Electron	ElousΛ.-FZ	DoublePian	48.0	58.0	百九十八	百九十八	百九十八	
SIGMA.Kryexe.0	SIGMA	Kry.exe	塔塔	42.2400016784668	62.720001220703125	Barbarianerman.exe	Bσrbσriσnermσn.exe	Bσrbσriσn∑rmσn.∑x∑	
HardcoreKwaya.EnFr.0	Hardcore Kwaya	EnFr	EnFr	78.5	91.5	One skunk (Ctymax) in Africa	Hardcore Barbaya	Two skunks (Ctymax and 晨) in Africa shouting WAHHHHHH!	
Aventyr.GrandThawRigelTheatre.0	Äventyr	Grand Thaw / Rigël Theatre	Grand Thaw / Rigël Theatre	9.199999809265137	31.076000213623047	Barbarianerman	Snorkel	Barbarianerman vs. Snorkel	
Trane.MALVA.0	Träne	MALVA.	しえろ	3.200000047683716	25.24799919128418	Barbarianerman	Barbarianerman	Barbarianerman	
雪降りメリクリ.A39.0	雪降り、メリクリ	A-39	犀牛坨动画工坊	20.663999557495117	42.0099983215332	Merry xmAS	Merry ChristymAxS	N\erry Xmas	
CervelleConnexion.SCTL.0	Cervelle Connexion	SCTL	SCTL	99.29499816894531	114.51399993896484	Eastern Ailuropoda Gang	Eastern Ailuropoda Gang	Eastern Ailuropoda Gang	
modulus.PTB10.0	modulus	PTB10	geralt	86.0	101.0	Cty moyules	Cty moyules	Pat Brick Man Mr.C	
Wavetapper.Frums.0	Wavetapper	Frums	百九十八	2.1389999389648438	19.297000885009766	Sillyp	Sillyp	百九十八 vs. Barbarianerman	
大和撫子WildDances.adapatorvsDRIVE.0	大和撫子 -Wild Dances-	adaptor vs DRIVE.	りゅうら	62.0099983215332	79.01100158691406	Eaimo fixed by NerSAN	Eaimo fixed by NerSAN	Eaimo vs. CtyNer dancing wildly	
Eltaw.Fl00t.0	Eltaw	Fl00t	xperz	90.01499938964844	110.0510025024414	JKy	JKy	BarbariaNERman vs. JKy	
Initialize.iF.0	Initialize	iF	あおお/A-ZERO, morph	15.005000114440918	31.889999389648438	阿爽	NerSAN	Arenn Saki vs. NerSAN	
桜樹街道.kozatosnow.0	桜樹街道	kozato snow	あおお/A-ZERO, morph	107.55500030517578	122.55500030517578	Barbarianerman	Barbarianerman	百九十八	
GetReady.iF.0	Get Ready!! 	iF	あおお/A-ZERO, morph	96.33799743652344	109.85900115966797	StupiGGy	StupiGGy	StupiGGy	
volcanic.DETROakaルゼ.0	volcanic	DETRO a.k.a. ルゼ	あおお/A-ZERO, morph	111.83200073242188	131.93699645996094	Barbarianerman	Rikko	Ctymax in a volcano, very delicious	Alloces
BetterGraphicAnimation.ルゼ.0	Better Graphic Animation	ルゼ	A-Zero Project	44.0	62.7140007019043	NerSAN	NerSAN	縱連打の信者☆無極	
XING.ginkiha.0	XING	ginkiha	打雷打人（青鸟 modified）	85.08799743652344	107.12200164794922	StupiGGy	StupiGGy	Sillyp vs. 阿爽	
FinalStep.Lime.0	Final Step!	Lime	谷地（青鸟 modified）	110.66000366210938	134.0	Barbarianerman	Barbarianerman	Barbarianerman vs. Uvernight	
Cthugha.USAO.0	Cthugha	USAO	谷地（青鸟 modified）	56.9010009765625	79.43599700927734	Barbarianerman	Barbarianerman	Gausbon	百九十八 feat. NerSAN
WithYou.Cashew.0	With You	Cashew	ADZUKI	109.0999984741211	127.0999984741211	with U	with U	with U	
UnorthodoxThoughts.Joulez.0	Unorthodox Thoughts	Joulez	ASXX	108.0	126.57499694824219	Barbarianerman	HaraKuma	Barbarianerman vs. HaraKuma	
Apocalyptic.ZClaxxSumaiLight.0	Apocalyptic	Z ClaxX & SumaiLight	佑木いずみ & Ctymax	106.74500274658203	119.5469970703125	阿爽	NerSAN	NerSAN vs. 阿爽	
游园地.椒盐菠萝.0	游园地	椒盐菠萝	CEM	76.81500244140625	93.75	野从菠萝	野从菠萝	椒盐倪尔	
energytrixxx.KAH.0	energy trixxx	KAH	手鞠鈴 & 自動車 原付	96.0	111.0	NerSAN	NerSANN	NerSANNN	
Nhelv.Silentroom.0	Nhelv	Silentroom	駿	67.01399993896484	82.01399993896484	野从	StupiGGy	森德雷斯 vs. 百九十八	
Arkhei.SeraAmagi.0	-Arkhei-	Sera Amagi	Hachimitsu☆Boy	64.0	80.0	-JKy-	-JKy-	-JKy-	
Kerberos.Zris.0	Kerberos	Zris	Eridani	99.89800262451172	115.0	Alloces	NerSAN	Snorkel vs. NerSAN	
parsey.siqlo.0	ρars/ey	siqlo	出前 x nekomiya	21.33300018310547	45.33300018310547	Rikko	Rikko & TangScend	TangScend	
Concvssion.Halv.0	Concvssion	Halv	汉堡	96.0199966430664	117.48200225830078	J.R	晨	Phigros Charting Team	
ジングルベルJingleBell.A39沙包P.0	ジングルベル(Jingle Bell)	A-39/沙包P	爱39的Konya	23.31399917602539	43.8849983215332	merry CNrisTimas	merry XM AS	NerSANTA vs. BarbarianerSLEDGE	
TimetoNightSkyfeatLeeYuJin.HyuNKLYDIX.0	Time to Night Sky (feat. Lee Yu Jin)	HyuN & KLYDIX	ZG	61.875999450683594	78.74500274658203	Rikko	Barbarianerman	Likey & 198ar	
HAZARD.Limpid.0	HAZARD	Limpid	ZG	28.132999420166016	46.888999938964844	NerSAN	NerSAN	阿爽	
AnotherMe.DAAN.0	Another Me	D_AAN	ZG	24.0	42.28499984741211	Pcat	Another cat	NerSAN vs. Ctymax as "泥头鱼"	
DontNeverAround.HAMA.0	Don't Never Around	HAMA	Arahosi	87.77100372314453	110.11399841308594	XMT小咩兔	XMT小咩兔	XMT小咩兔	
RESSiSTANCE.ぐるたみん.0	RESSiSTANCE	ぐるたみん	LINUS	52.68199920654297	81.95099639892578	其一 呼吸尚存的标志	其二 向前迈进的理由	其三 我所存在的证明	
Dreamland.z1onkyrrin.0	Dreamland	z1on & kyrrin	海产	113.5	128.5	Bear	Bear	XMT & 198	
AnotherRound.JustinDai.0	Another Round	Justin Dai	艾是Abby	46.64099884033203	63.74300003051758	阿爽	Another Stage	TimiTini →"X"← 阿爽	
996.李化禹.0	996	李化禹	笔记RE	48.0	63.428001403808594	RTH	Likey	Barbarianerman & NerSAN in the ICU	
FutureMind.RayNauticaRekuMochizuki.0	Future Mind	Ray Nautica & Reku Mochizuki	Keiby.comics	65.34700012207031	85.35099792480469	Barbarianerman	XMT小咩兔	Future BarbarXMT	
Luminescent.Daison.0	Luminescent	Daison	鲸弑	97.44599914550781	112.76499938964844	Uvernight	Uvernight	百九十八	
FULiAUTOBUSTER.MYUKKE.0	FULi AUTO BUSTER	MYUKKE.	cycats	79.45099639892578	102.62000274658203	M3d1uM & 百九十八	M3d1uM & 百九十八	百九十八 busting 阿爽	
IMustSayNo.TangJuan.0	I Must Say No	TangJuan	cycats	26.055999755859375	49.400001525878906	Likey	JKy	Likey & 百九十八	
opia.rN.0	opia	rN	rN @ 湯元画伯	28.60099983215332	43.52299880981445	BlindForest	BlindForest 『Observing』	Jeitie & CorruptedEntity 『Hollow』	
Apocalypse.アリスシャッハと魔法の楽団.0	Apocalypse	アリスシャッハと魔法の楽団	Lanota © Noxy Games Inc. 	54.81800079345703	69.54499816894531	R.	B.	Rikko & 198	
Protoflicker.Silentroom.0	Protoflicker	Silentroom	Lanota © Noxy Games Inc. 	96.03199768066406	118.29499816894531	Barbarianerman & J.R	RTH	Gausbon	
HorizonBlue.NothingButRequiemfeatAikapinChiyoko.0	Horizon Blue	Nothing But Requiem feat. Aikapin & Chiyoko	Lanota © Noxy Games Inc. 	41.0989990234375	56.0989990234375	Nothing But Uvernight	Nothing But Likey	Nothing But Ner & Pcat	
YouaretheMiserable.tpazolite.0	You are the Miserable	t+pazolite	Lanota © Noxy Games Inc. 	117.7979965209961	131.04800415039062	M3d1uM	M3d1uM	We are the Miserable	Pat Brick Man Mr.C & Mr.B
Stasis.Maozon.0	Stasis	Maozon	Lanota © Noxy Games Inc. 	42.66600036621094	65.33300018310547	空の希	空の希	ST AS is XMT	百九十八
いざ参ります.Uskefeat棗いつき.0	いざ、参ります	U-ske feat. 棗いつき	緑風マルト	38.297000885009766	49.7869987487793	Clutter & Barbarianerman	Clutter & Barbarianerman	小咩兔、参上	
月下缭乱.月見静華vsLUNARiUM.0	月下缭乱	月見静華 vs. LUNARiUM	TNiK	70.62799835205078	87.77100372314453	XMT小咩兔	XMT小咩兔	iv	
OnAndOn.ETIAfeatJenga.0	On And On!!	ETIA. feat. Jenga	わっふゑ	11.286999702453613	24.356000900268555	Rikko	Rikko	NerSAN feat. Takanashi Rikko	
DataErr0r.Cosmograph.0	DataErr0r	Cosmograph	Photonskyto	52.0	72.0	[!!12:l<l<ο!!]	Rikko	TangScend -Err0rederci-	
Shadow.SumaiLightvs姜米條.0	Shadow	姜米條&SumaiLight	御坂果子	105.0	120.0	晨	晨	Sillyp vs. 晨	J0(_)I2|\|3y'5 3|\||)
心之所向.姜米條.0	心之所向	姜米條	笔记RE	46.66299819946289	69.33300018310547	波之所杂	波之所杂	倪之所爽	
inferior.姜米條.0	inferior	姜米條	群青kurara	20.100000381469727	39.599998474121094	Ner, the inferior	Ner, the inferior	JKy, the inferior	
csqn.Aoi.0	c.s.q.n.	Aoi	Ctymax vs. TNiK feat. 出前	88.44599914550781	106.20700073242188	b.b.n.m.	h.o.m.e.e.e.	s.t.p.g.	
BraveNotes.TurquoiseDRIVENota.0	Brave Notes	Turquoise(DRIVE.+Nota)	林语	45.0099983215332	60.180999755859375	Brave Eaimo	Brave Eaimo	Brave Eaimo	
盏茗.茶鸣拾贰律.0	盏茗	茶鸣拾贰律	茶鸣拾贰律	65.9540023803711	82.44200134277344	Barbarianerman	Barbarianerman	NerSAN sipping XMTea	
青芽.茶鸣拾贰律.0	青芽	茶鸣拾贰律	茶鸣拾贰律	106.87000274658203	126.66600036621094	生根发芽的小咩兔	逆流而上的小咩兔	Hook vs. _鉄	
EternalSnow.AbyssIdols.0	Eternal Snow	Abyss Idols	Sak	81.4280014038086	98.57099914550781	M3d1uM	M3d1uM	JKy	
RainySeason.AbyssIdols.0	Rainy Season	Abyss Idols	Robin	67.0	88.0	StupiGGy	StupiGGy	Raiky Season	
ElCondorPasaPhigrosEdit.PlasticFruits.0	El Condor Pasa (Phigros Edit)	Plastic Fruits	青鸟	76.80000305175781	91.19999694824219	TimiTini	TimiTini	XMT小咩兔	
BreakOver.Kforest.0	Break Over	K-forest	圆规compasses	83.3239974975586	103.3239974975586	Barbarianerman	Barbarianerman	百九十八 vs. Barbarianerman	百九十八
BelieveLightfeat果丸哒呦.ScalerMestie果丸哒呦.0	Believe Light (feat. 果丸哒呦)	Scaler & Mestie & 果丸哒呦	圆规compasses	44.15999984741211	59.15999984741211	Believe Ctymax	Believe TimiTini	Believe Ctymax & TimiTini	
Pontdessouvenirs.VeetaCrushvsitsufeatitsu.0	Pont des souvenirs	VeetaCrush vs. [itsu(feat.itsu)]	林语	41.0	61.0	JKy	JKy	晨	
青丘.BLACK0.0	青丘	BLACK 0	BLACK 0	43.16600036621094	57.83300018310547	Ctymax	Su1fuR	KillJoy	
瓷岁.茶鸣拾贰律.0	瓷岁	茶鸣拾贰律	茶鸣拾贰律	92.37999725341797	108.57099914550781	『流』年大顺	『流』年大顺	『兔』年大吉	
Feast远东之宴.茶鸣拾贰律.0	Feast远东之宴	茶鸣拾贰律	茶鸣拾贰律	37.5	67.5	Barbarianerman	Barbarianerman	Gino	
インフェルノシティ.Ponchifeatはぁち.0	インフェルノシティ	Ponchi♪ feat. はぁち	LESYEF & 藍瀬 まなみ	63.62699890136719	83.44100189208984	Su1fuR	Alloces feat. Uvernight	Alloces	
Upshift.Iriss-Frantzz.0	Upshift	Iriss-Frantzz	Iriss=Frantzz=s-don	100.6449966430664	130.64500427246094	Lumiere	CorruptedEntity & 野从	_鉄	
PoisonANDORAffection.LeaF.0	Poison AND÷OR Affection	LeaF	笔记RE/海产	20.5	40.5	R/kko	&ikko	1÷98	
Random.SobremSilentroom.0	Random	Sobrem × Silentroom	Harkiadel	78.0	108.0	Barbarianerman	IMD_6	_鉄	
零號車輛.seatrus.0	零號車輛	seatrus	2AI4wU4	73.0	93.0	零號宇夜	壹號阿爽	Pcat【零】198	
NowIsTheTimeDoIt.RoyMikelate.0	Now Is The Time, Do It	Roy Mikelate	青鸟	86.58200073242188	103.10099792480469	M3d1uM	M3d1uM	Pat Brick Man Mr.N feat. Ner of Time	
Bougainvillea.Jade.0	Bougainvillea	Jade	TNiK	48.0	64.0	Barbarvillea	Barbarvillea	Barbarvillea	
神話.PicaM2U.0	神話	Pica & M2U	mology (青鸟&V17AMax Modified)	45.69200134277344	60.92300033569336	雑	波	P & U	
Elúltimobaile.Θ.0	El último baile	Θ	mology (青鸟&V17AMax Modified)	41.513999938964844	61.513999938964844	Barbarianerman	Barbarianerman	百九十八 feat. Likey	
Trojan.litmus.0	Trojan	litmus*	Lapelristar (青鸟&V17AMax Modified)	87.18699645996094	102.65599822998047	M3d1uM	M3d1uM	Warning: XMT is infected by Trojan!!	
TemporalShifting.LureRabbitVC.0	Temporal Shifting	Lure Rabbit & V!C	mology (青鸟&V17AMax Modified)	99.5	113.03800201416016	Su1fuR	Su1fuR	Gausbon vs. 阿爽	
Adastraperaspera.RabbitHouse.0	Ad astra per aspera	Rabbit House	Lyrebird Ferdinant (青鸟&V17AMax Modified)	60.30400085449219	70.65899658203125	Barbarianerman	XMT小咩兔	Hara小兔组	
Ajourneytothemoonlight.Yesod.0	A journey to the moonlight	Yesod	汉堡	55.895999908447266	70.89600372314453	Rikko from「PHIGROS MOON」	Rikko from「PHIGROS MOON」	Ner & 198 from 「PHIGROS MOON」	
RainyHeart.BelieverInYou阿卡姆巫师.0	Rainy Heart	BelieverInYou(阿卡姆巫师)	Sodhelium	29.0	44.0	Su1fuR	Barbarianerman	HaraKuma	
Realms.HinkikAHimitsu.0	Realms	Hinkik & A Himitsu	圆规compasses	47.06800079345703	62.06800079345703	Barbarianerman	Barbarianerman	NerSAN	
ぱぴぷぴぷぴぱ.ころねぽちWith立秋.0	ぱぴぷぴぷぴぱ	ころねぽち With 立秋	上倉エク	92.5999984741211	112.5999984741211	ParParianerman	ParParianerman	さるふるふるさ	
TriumphRegret.typeMARS.0	Triumph & Regret	typeMARS	何呵	76.79299926757812	98.96199798583984	Barbarianerman & Regret	Barbarianerman & Regret	TimiTini & HaraKuma	
SATELLITE.かめりあ.0	S.A.T.E.L.L.I.T.E.	かめりあ	青鸟	81.19999694824219	101.19999694824219	XMT wishing upon a satellite	B.A.R.B.A.R.I.A.N.E.R.M.A.N.	L.I.K.E.Y.	N.E.R.1.9.8.
DancewithSilence.かめりあ.0	Dance with Silence	かめりあ	林语	114.4000015258789	129.39999389648438	Su1fuR	Su1fuR	晨_鉄	
LabyrinthinKowloonWalledWorld.かめりあ.0	Labyrinth in Kowloon: Walled World	かめりあ	鲸弑	41.0	61.0	VikingNexus	VikingNexus	198 in Kowloon	
ComputeItWithSomeDevilishAlcoholicSteampunkEngines.かめりあ.0	Compute It With Some Devilish Alcoholic Steampunk Engines	かめりあ	山崎团	112.0	123.63600158691406	Clutter	Clutter	Gausbon vs. XMT小咩兔	
ERABYECONNEC10N.かめりあ.0	+ERABY+E CONNEC+10N	かめりあ	猫箱Catbox feat. 祈莲	75.12999725341797	97.82599639892578	4B314C3042592B45	4D45474142592B45	4731474142592B45	2B45524142592B45
DiamondEyes.SYNTHETIC.0	Diamond Eyes	SYNTHETIC	彗星 feat. 祈莲	97.28500366210938	112.71399688720703	Su1fuR	Su1fuR	Clutter	
Bitterblossom.imvi.0	Bitterblossom	imvi	鲸弑	21.33300018310547	36.33300018310547	Su1fuR	Barbarianerman	百九十八	
SilenceisGoldenSpeechisGolden.NIWASHI.0	Silence is Golden, Speech is Golden	NIWASHI	Jerry & OsuMe65	68.98600006103516	92.2030029296875	Clutter is coppery，Tumult is coppery	XMT is silvery, 小咩兔 is silvery	Hara is golden, Kuma is golden	
FracturedAngel.DJRaisei.0	Fractured Angel	DJ Raisei	OsuMe65	67.0	81.0	Su1fuR	Su1fuR	逆天使の悪魔 【Likey】	
JourneywithYou.Iris.0	Journey with You	Iris	BTKCyber (青鸟 modified)	40.5	65.5	jouR.ney with hold	jouR.ney to the end【COVERED】	Su1fuR -All about YOU & ME-	
SecretIllumination.Yooh.0	Secret Illumination	Yooh	Juice Black (青鸟 modified)	96.0	109.5	Likey 	迟戈 vs. Likey	NerSAN	
InvertedWorld.ARForest.0	Inverted World	ARForest	Mechari (青鸟 modified)	84.0270004272461	102.69300079345703	Clutter	ɹǝʇʇnlƆ	ƃuɐnɥs∀ .sʌ uoqsnɐ⅁	
月詠に鳴る.Feryquitousfeat藍月なくる.0	月詠に鳴る	Feryquitous feat.藍月なくる	SEGA (V17AMax modified)	77.33300018310547	102.66600036621094	IUIsauce	Salt	Myna feat.Sleepyhead	StupiGGy
TECHNOPOLIS2085.PRASTIKDANCEFLOOR.0	TECHNOPOLIS 2085	PRASTIK DANCEFLOOR	SEGA (V17AMax modified)	103.87999725341797	121.79100036621094	dancing"L"ine 2085	迟戈 vs. Likey	CTYMAX ????	TECHNOXMT vs. LATENCYPOLIS
祈-我ら神祖と共に歩む者なり-.光吉猛修VS穴山大輔VSKaiVS水野健治VS大国奏音.0	祈 -我ら神祖と共に歩む者なり-	光吉猛修 VS 穴山大輔 VS Kai VS 水野健治 VS 大国奏音	SEGA (V17AMax modified)	110.95800018310547	128.218994140625	Su1fuRikko "SouRce of the metaveRse"	Su1fuRikko × rN "judgemeNt fRom the cataStRophy"	兔咩小 VS 咩小兔 VS 小兔咩 VS 咩兔小 VS 兔小咩	フィグロス譜面チーム "Rikko feat. Ner" -Pray for "PHI"-
bye.DingerBox.0	bye	DingerBox	海产	109.5	127.5	Likey	Likey	Ner ~ See you next time ~	
聖夜讃歌.A39沙包P.0	聖夜讃歌	A-39/沙包P	绀屋	148.8000030517578	171.42799377441406	爽夜讃歌	爽夜讃歌	NerSANTA & Gausbell	
ストレイソウルアラウンド.みーに.0	ストレイソウル・アラウンド	みーに	伊恩 (青鸟 modified)	22.399999618530273	38.400001525878906	JKy as "Stray Cat"	Stray Cat Around	クラッタ・アナザー・ラウンド	
ManifoldHypothesis.cybermisofeattigerlily.0	Manifold Hypothesis	cybermiso feat. tigerlily	阿清 (青鸟 modified)	21.0	34.0	Likey	Likey	Gausbon feat. 迟戈&野从	
KMoeVIP.ZxNX.0	K.Moe (VIP)	ZxNX	BTKCyber (青鸟 modified)	73.0	88.0	R:kko (IMD)	R:kko (IMD)	C.Max (PBM)	
GVNGlitterVomitusandNeon.SaltySaltUnfold33.0	G.V.N. (Glitter,Vomitus and Neon)	Salty Salt & Unfold33	祈莲	100.80699920654297	115.7239990234375	B.B.M.	B.B.M.	A.S.H.	
CrushBETA.shadow_bling.0	Crush BETA	shadow_bling	笔记RE	47.8489990234375	70.7760009765625	Clutter BETA	Crush βETA	Timi今天吃神马	
BrokenSky.JungoMAX3feat刘佳宜Snow幻影刃shadow.0	Broken Sky	Jungo & MAX 3 feat. 刘佳宜Snow & 幻影刃shadow	午苔veeee~	46.0	61.5	Clutter	Clutter	Su1fuR	
BRAINHACKER.SOMON.0	BRAIN HACKER	SOMON	SOMON	64.80000305175781	98.69999694824219	BLACK CTYMAX	COLORFUL CTYMAX	COLORFUL BLACK GAUSBON	
Xenolith.Tatsh.0	Xenolith	Tatsh	2AI4wU4	40.23500061035156	57.17599868774414	RXhuang	RXhuang	Xlutter guided by three Oaths	
ArtificialExistence.JunKuroda.0	Artificial Existence	Jun Kuroda	2AI4wU4	80.41999816894531	110.41999816894531	Salt	Salt	Salt & _鉄 inspired by 存在証明 [X]	
IndelibleScar.Noah.0	Indelible Scar	Noah	兜	92.55599975585938	108.96800231933594	Clutter & Barbarianerman	Salt & Barbarianerman	Likey affected by Ancestral Xhronicle	上班睡大觉_Sleepyhead
Antithese.Blacklolita.0	Antithese	Blacklolita	釜飯轟々丸 + jht (Design: 祈莲)	35.93000030517578	53.32500076293945	SeveredEntity (BlindForest vs. rN) feat. Δ	Δ (M3d1uM vs. Salt)	StupiGGy -The Origin-	弧光
PRAGMATISMRESURRECTION.Laur.0	PRAGMATISM -RESURRECTION-	Laur	シエラ (Design: 祈莲)	117.62000274658203	137.6199951171875	完璧 [WARNING: DRAG OVERLOAD]	完璧 × 北星	-NerSAN & Su1fuR-	THE LAST 198
ShineAfter.ADeanJocularACE.0	Shine After	ADean & JocularACE	海里狄七 feat. 存艺	120.33999633789062	135.33999633789062	Su1fuR	Su1fuR	Salt & Uvernight	
Bloom.targ麻团qwq.0	Bloom	targ & 麻团qwq	注射	66.4000015258789	81.5999984741211	Salt & Barbarianerman	Salt & Barbarianerman	SPΔDE & 倪尔qwq	
幽世桔梗.Capchiifeatまるもこ.0	幽世桔梗	Capchii feat. まるもこ	瀬名	13.1899995803833	34.930999755859375	RipHall vs. Likey	RipHall vs. Likey	Su1fuR、快斬！	
千紫万紅.r0yvsWABI.0	千紫万紅	r0y vs. WABI	中本ひょうり	105.47000122070312	124.47000122070312	Rikko	実戦 with Rikko	Salt & Barbarianerman	
明鏡烈火.MUEvsRekuMochizuki.0	明鏡烈火	M-UE vs. Reku Mochizuki	中本ひょうり	99.74400329589844	118.74400329589844	COC  feat. Su1fuR	COC  feat. Su1fuR	Arenn Salty feat. LDA	
今天不是明天.PIKASONICfeat兰音Reine.0	今天不是明天	PIKASONIC feat. 兰音Reine	KiTA & 一击即溃	45.119998931884766	62.400001525878906	扫佛不是嫂夫	扫佛不是嫂夫	杂波不是杂啵，野从不是野丛	
Cuvism.Fl00tvsHalv.0	Cuvism³	Fl00t vs Halv	sikkari	108.86499786376953	122.4739990234375	Rikko	Rikko³ [Normal]	Rikko	JKy vs StrayCat
iLArtifact.Link0.0	iL-Artifact	Link''0	Fl00t	73.69499969482422	95.21700286865234	IUIsauce	IUIsauce	XMT小咩兔 vs. 上班睡大觉_Sleepyhead	
atruthseekerCommunicationwithUtopiawillbelost.kuro.0	a truth seeker -Communication with Utopia will be lost-	kuro	rokopon	87.72599792480469	107.72599792480469	上班睡大觉_Sleepyhead	上班睡大觉_Sleepyhead	-Seek A Lnside Truth-	
BoundedQuietude.FiniteLimitvsSiLiS.0	Bounded Quietude	Finite Limit vs SiLiS	Hiro vs Zeth	56.0	84.0	LonelyKnight	LonelyKnight	孤独な騎士 Against 魔王、大咩兔	
君往何处QuoVadis.M2U.0	君往何处 (Quo Vadis)	M2U	LRAY (青鸟 modified)	19.437000274658203	43.26599884033203	Where are Ctymax and 阿爽?	Where are Ctymax and 阿爽?	Salt	
暗夜苏醒REANIMATE.Warak.0	暗夜苏醒 (REANIMATE)	Warak	MHK (青鸟 modified)	46.895999908447266	68.96499633789062	Deep Dark Ctymax	reanimate_6k_nm.imd	StupiGGy -The Startline-	
Grimheart.Puru.0	Grimheart	Puru	临时工 & 倪尔	44.52899932861328	64.52899932861328	SimonAxis	SimonAxis	WhiteCat.	
Thrashforce.KAHvsE0ri4.0	Thrash force	KAH vs. E0ri4	自動車 原付 vs. GAMEBAKA	102.6240005493164	123.80000305175781	thrAsh forSe	thrAsh forSe	Uvernight & Su1fuR	
Originally.SNKSMizku.0	Originally	SNKS & Mizku	Keiby.comics	30.200000762939453	51.0	StR-1	StR-9	StrayCat	
黄金之城GOLDTOWN.Memme.0	黄金之城 (GOLD TOWN)	MEMME	RM Design Team (青鸟 modified)	35.8120002746582	51.0	Passport:Visitor	Passport:Constructor	Passport:Governor	
双重间谍DoubleAgent.WAVAV.0	双重间谍 (Double Agent)	Wav.AV	RM Design Team (青鸟 modified)	74.0	86.0	穿山甲-1	StupiGGy	Spy-Simon_Axis | Spy-騎士	
幻影鬼魅PLEASE.R300K.0	幻影鬼魅 (PLEASE)	R300K	RM Design Team (青鸟 modified)	61.11800003051758	81.98699951171875	COC	COC	M3d1uM	imd visual charter "Rikko" since 2014
Schadenfreude.ZxNX.0	Schadenfreude	ZxNX	验光蒸鱼	126.0	142.0	StuRmwind	StuRmfeuer	''-1''	
Letempsperdu.Daison.0	Le temps perdu	Daison	子狼	41.0	58.0	Salt	Salt	Likey -For an old friend-	
FixationsTowardtheStars.Foodbot.0	Fixations Toward the Stars	Foodbot	AriaL [edited by Stelli]	102.0	127.0	Salt	OPENING/Level R	Salt	
valorstarcross.LundyvsWyvren.0	valor/starcross	Lundy vs. Wyvren	AriaL & 57_dayo [edited by Stelli]	111.0999984741211	132.9499969482422	vacant/stupiggy	vacant/stupiggy	vesper/straycat	
CometFeat符白牙.CNHKSS.0	Comet	CNHKSS feat. 符白牙	小黄鸡叽叽叽叽叽叽修复中	77.5	89.0	StaR-1	無彩色	Likey & Barbarianerman	
白と黒のバケモノ.テヅカ.0	白と黒のバケモノ	テヅカ	久世	62.0	82.0	白	monochrome ILLUSION	Simon_Axis	
Devotion.Connexio.0	Devotion	Connexio	Shimoruchiko	48.83599853515625	73.07499694824219	StupiGGy	StupiGGy	Salt	
KirakiraNoelStory.RekuMochizuki.0	Kirakira Noel Story!!	Reku Mochizuki	ナナシ	86.0	108.0	村头村头 CTY Story!!	头鱼头鱼 MAX Story!!	N\erry Xmas 2024	
Shelter.MeatyRabbitNceS.0	Shelter	MeatyRabbit & NceS	诡异童话	70.0	92.0	Cluttler with ShelteR	Cluttler with ShelteR	人外侵略地球计划	
蝎虎天体Lacertid.CreamvsDaily天利.0	蝎虎天体 -Lacertid-	Cream vs. Daily天利	白 & 小鹏xpeng	94.0	112.0	StR-1	StR-1	Ctymax vs. IUIsauce -村头烤鱼蘸凹酱-	
贝多芬祝福BeethovenBlessing.Nauts.0	贝多芬祝福 (Beethoven Blessing)	Nauts	RM Design Team (青鸟 modified)	107.66999816894531	125.66999816894531	StupiGGy	Blessing beyond myself.	Salt feat. XMT小咩兔	
インマイマインド.レシオP.0	インマイマインド	レシオP	すずか爆弾	53.03200149536133	66.58000183105469	Salt	Salt	ネルサン (I make charts slowly)	
ニライカナイNiraicA_naiMix.roopfromSTR.0	ニライカナイ (NiraicA_nai Mix)	roop from STR	3z	75.22699737548828	90.4749984741211	Barbarianerman	Ctymax respect for STAR TRACK in 2008	Ctymax respect for STAR TRACK in 2008	
SwingSkipDrop.ミハイル.0	Swing Skip Drop	ミハイル	ディン	45.0	63.5	Helabot	Helabot	Swing Salt ♪	
宇宙残骸少女CosmicDustyGirl.辻原一郎.0	宇宙残骸少女 (Cosmic Dusty Girl)	辻原一郎	TOTOTO 	34.0	63.0	不喜欢键的COC	不喜欢线的COC	～漂泊者～凹酱	
Resolver.Gomadare.0	Resolver	Gomadare	Transendium	63.5	79.0	Salt	Salt	Clutter vs. Salt	
LuminousEntitiesLostHeart.NormalMfeatUsagiDenki.0	Luminous Entities Lost Heart	NormalM feat. Usagi Denki	Transendium	100.0	124.0	1uminous StaR	1uminous StaR	光る星	
KIZUNAResolution.TAG.0	KIZUNA Resolution	TAG	Transendium	70.5	87.5	Likey underground	HD R.esolution	Sempiternal Fxxxxxx Resolution!	
AbsoluTedisoRdeR.AcuteDisarray.0	AbsoluTe disoRdeR	Acute Disarray	Kyuare & Wsx	1.875	18.75	Su1fuR	騎士 vs. Knight 	Executor-X	Apocalyptic Dissonance
AphroditesChildshortver.RUQOA.0	Aphrodite's Child (short ver.)	RUQOA	cala for Immaculée Sekai	31.875	46.875	StupiGGy	StupiGGy	StrayCat	
DevIAtiOnshortver.polysha.0	DevIAtiOn (short ver.)	polysha	cala for Immaculée Sekai	105.83799743652344	119.2249984741211	COC	COC	Nr3_Official	
NOx.Juggernaut.0	NO x	Juggernaut.	cala for Immaculée Sekai	100.0	125.0	Su1fuR	IUIsauce	StR-1	
Aliceinaxxxxxxxx.Nagiha.0	Alice in a xxxxxxxx	Nagiha	神居冰绘 feat. 祈莲	104.16600036621094	118.33300018310547	XMT小咩兔	XMT小咩兔	□MT in a XXXXXXXX	
Radiance.Nhato.0	Radiance	Nhato	SEGA (V17AMax modified)	1.934999942779541	26.708999633789062	Su1fuR	Rikko EXPERT Lv.40	XMT小咩兔	Яadiance
DiamondDust.MasahiroGodspeedAoki.0	Diamond Dust	Masahiro “Godspeed” Aoki	SEGA (V17AMax modified)	58.79999923706055	79.19999694824219	Salt	Salt	Gausbon	StupiGGy
StardustRAY.kanonevsBlackY.0	Stardust:RAY	kanone vs. BlackY	SEGA (V17AMax modified)	111.21900177001953	135.36500549316406	Simon_Axis vs. Su1fuR	Su1fuR vs. Simon_Axis	曦枢 vs. 鎏光 -Lv.70 LEAF-	完璧 vs. 癒株 -Autumn Memory-
FrozenHeart.A39沙包P.0	Frozen Heart	A-39 / 沙包P	山山奇	41.599998474121094	63.36000061035156	SantR	SantR	Likey & Gausbon	
Helios.NOABotaNya.0	Helios	NOA(Cortrix) & BotaNya	Spectro	27.975000381469727	44.79999923706055	jeitie goes outside	jeitie touches grass	jeitie gets sent to the sun	
FlutterEcho.Cansol.0	Flutter Echo	Cansol	Taurell	102.73999786376953	122.45999908447266	Rikko	|R|I|K|K|O| NORMAL	Clutter Echo	
Rebirth.ああああ.0	Re：birth	ああああ	QueseraGames Co., Ltd.	27.85700035095215	48.367000579833984	啊哒咔哟 & 小咩兔 & COC	啊哒咔哟 & 小咩兔 & COC	Gausbon & StupiGGy	
AvataarReincarnationofKalpa.ScarletteakaCrYmson.0	Avataar ~Reincarnation of Kalpa~	Scarlette a.k.a CrYmson	QueseraGames Co., Ltd.	58.66600036621094	79.0	Su1fuR	Su1fuR	Salt	XMT & Salt
雪降り雪が降っている.AiSSw夜輪ft結月ゆかり.0	雪降り ~雪が降っている~	AiSS w/ 夜輪 ft. 結月ゆかり	Vios.NoFurry.git	112.30699920654297	129.61500549316406	Su1fuR	Su1fuR	XMT after BarbarNerSAN	小咩兔的多指课堂 vs. 上课睡大觉
RetributionCycleofRedemption.ArdolfvsDaily天利.0	Retribution ~ Cycle of Redemption ~ 	Ardolf vs. Daily天利	死と花の大祭司(ʌᴉoƨმᴉϝ);;	83.0	100.0	StR-1 & 右果_Ary	StR-1 & 右果_Ary	Simon_Axis vs. Likey [Respect Ner as "SP∆DE"]	
アンビバレンス.すりぃ相沢.0	アンビバレンス	すりぃ×相沢	SEGA (祈莲 modified)	41.707000732421875	57.75	XMT小咩兔	XMT小咩兔	弧光 With Opposition	
Komplexe.雄之助featSennzai.0	Komplexe	雄之助 feat. Sennzai	SEGA (祈莲 modified)	83.0	96.0	Helabot	右果_Ary	Likey	
slips.rintarosoma.0	sølips	rintaro soma	SEGA (祈莲 modified)	37.0	57.0	Helabot	Salt	St2.1GHz -Før The Pigeons-	ø
QZKagoRequiem.tpazolite.0	QZKago Requiem	t+pazolite	SEGA (祈莲 modified)	0.20000000298023224	28.200000762939453	-	Rikko EXPERT Life:999	Gausbon	Salt feat. M3ow
SolaggyfeatUzumaki.ShrimpCatsはぁち後藤涼輔.0	So laggy! (feat. Uzumaki)	ShrimpCats. (はぁち×後藤涼輔)	塩焼とまと	46.5	68.0	Salt	Salt	Salt	
000AinSophAur.Yumeji.0	000 -Ain Soph Aur-	Yumeji	NerSAN	107.0	127.0	Magazet	Magazet	啊0哒0咔0哟 & Dilated	
Xepion.Acotto.0	Xep+ion	Acotto	クルス (Ctymax modified)	80.0	105.0	Su1fuR	professional Rikko	Su1fuRikko	
Archidoxen.Se_IRA.0	Archidoxen	Se_IRA	n/a (Ctymax modified)	84.5	97.0	Rft.	Rft.	Rft.	
百鬼夜行.SaladSavior.0	百鬼֎夜行	Salad Savior	軽目くお (Ctymax modified)	84.0	104.0	Magazet	Magazet	～Algax vs. RipHall～	
BANGINGSTRIKE.DewPleiades.0	BANGING STRIKE	Dew Pleiades	Rutumn feat. 汉堡	41.599998474121094	60.0	adky	adky	Salt & Uvernight	魔王、大咩兔の兄 『大咩免』!!
TheWholeRest.KIVΛ.0	The Whole Rest	KIVΛ	©2025 Rayark Inc. CYTUS II®	70.0	90.0	Salt	¯EASY	Uvernight from CYTUS II	
Cristalisia.onoken.0	Cristalisia	onoken	©2025 Rayark Inc. CYTUS II®	80.0	108.5	Skuwo	Skuwo	Salt	
Hydra.JamesLandinoXAkiraComplex.0	Hydra	James Landino X Akira Complex	©2025 Rayark Inc. CYTUS II®	96.5	121.0	COC	COC	Su1fuR	[该用户已被禁言]
最高傑作.PYKAMIA.0	最高傑作	PYKAMIA	Nai Guozi	33.53300094604492	53.334999084472656	StR-1	StR-1	_鉄咩兔	
Locomotive.K.0	Locomotive	♠K	Otaku_宅	26.709999084472656	41.709999084472656	Minibus	Motorcoach	Monorail	
Alb.Avans.0	Alb	Avans	©2026 Rayark Inc. CYTUS II®	83.0	114.0	Likey	Ary	Ary	
Incyde.YbeLL.0	Incyde	YbeLL	©2026 Rayark Inc. CYTUS II®	83.0	106.0	【梦之起始】爬爬 vs. 盐	E00200	Magazet wanders within StR-1	
彩.MisoilePunch.0	彩	MisoilePunch♪	©2026 Rayark Inc. CYTUS II®	72.0	96.0	爬爬	凛	OPCII_0584_X	
Poseidon.1112vsStar.0	Ποσειδών	1112 vs. Star＊	老张	79.54199981689453	93.25700378417969	Jαckψ a.k.a JKy	Jαckψ	Jαckψ feat. Βαρβαροςαντρας	上班摸大鱼 a.k.a. 海洋咩兔
WATER.A39沙包P.0	WATER	A-39/沙包P	knife美工刀	107.29399871826172	127.05799865722656	急流に巻き込まれ	対流に巻き込まれ	乱流に巻き込まれ	
MiracleForestVIPMix.Rinthlive.0	Miracle Forest (VIP Mix)	Rinth_live	L-sp4	63.040000915527344	83.19999694824219	奇跡の希	奇跡の希	奇跡の希 feat. 奇跡の従	
MOBILYS.Dachs.0	MOBILYS	Dachs	わっふゑ	59.16600036621094	75.41600036621094	百九十八	百九十八	StupiGGy vs. 百九十八 ft. 野从	
Lyrith迷宮リリス.ユメミド.0	Lyrith -迷宮リリス-	ユメミド	何呵	92.86599731445312	114.5770034790039	Arenn Saki as "mAze"	Arenn Saki as "myStery"	XMT as "eX-MentalisT"	CN_115 as "prediCameNt"
Demiurge.Rabpit.0	Demiurge	Rabpit	青鸟	89.72899627685547	107.0270004272461	"Manufacturer" ~ Rikko	"Creator" ~ StupiGGy	"Demiurge" ~ Dawn	
Demonkin.ForgedReigns.0	Demonkin	Forged Reigns	Jeffery	42.5	62.5	Alloces	Alloces	Sillyp & Alloces	
Re_NascencePsystyleVer.Rinth_live.0	Re_Nascence (Psystyle Ver.) 	Rinth_live	Tsuioku	30.399999618530273	46.400001525878906	NerSAN	NerSAN	NerSAN & 百九十八	
Ark.kanoryo.0	Ark	kanoryo	MOAI WORKS	42.68600082397461	60.0	TimiTini	TimiTini	阿爽 eat Ctymax	StupiGGy
AfterDawn.S9ryne.0	After Dawn	S9ryne	月亮酱	52.362998962402344	67.63600158691406	Barbarianerman	NerSAN feat. Pcat	BarbariaNerSAN feat. Snorkel	
INFiNiTEENERZYOverdoze.RekuMochizuki.0	INFiNiTE ENERZY -Overdoze-	Reku Mochizuki	knife美工刀	48.0	73.33300018310547	while(TangScend<=TangScend);	while(TangScend>=TangScend);	while(TangScend==TangScend);	while(TangScend=TangScend);
Khalid.Dolphin.0	Khalid	Dolphin	HAZUQU	52.5	69.375	Barbarialid	Barbarialid	Ner＜Jazz for your soul .)	
QuantumHyperspace.D_AAN.0	Quantum Hyperspace	D_AAN	sa1t	68.4000015258789	88.19999694824219	Bariantum Hyperianerman	Bariantum Hyperianerman	IMD_0b0110	
FreakyUndulationsNobleKnightsofTune.JehezukielKURORAK.0	Freaky Undulations ~Noble Knights of Tune~	Jehezukiel + KURORAK	PEZZ feat. 祈莲 & CattoHato	11.883000373840332	23.799999237060547	Ner ~Freaky Cat of Charting~	ARE YOU JEITIE!!!	<= Noblesse Jeitie =>	
PANICPARADISE.DJSHIONY.0	PANIC PARADISE	DJ SHION.Y	百九十八	47.0	69.5	Barianic Baradise	Barianic Baradise	Su1fuR -FAISEURS DE PANIQUE-	StR-1
ReEndofaDream.umavsモリモリあつし.0	Re：End of a Dream	uma vs. モリモリあつし	masiro vs. adaptor	114.05599975585938	123.39600372314453	Barbarianerman, Overture before the story	Barbarianerman, Main theme within the somnium	Latency, Finale of the dream	XMT, Encore after the end
心の記憶.A39沙包P.0	心の記憶	A-39/沙包P	爱39的Konya	36.79999923706055	54.400001525878906	Su1fuR	Su1fuR	N-23	
Spotlight.Ardolf.0	Spotlight	Ardolf	NerSAN	98.0	111.0	Debut under spotlights!< Simon_Axis	Simon_Axis >< Likey	Likey >IT'S SHOWTIME!	
NightTheater.わかどり.0	NightTheater	わかどり	青鸟	89.59600067138672	104.9000015258789	StR-1 watches Ctyfilm	StR-1 watches Ctyfilm	LuminousGausbon	
Ramification.rareguyReina.0	Ramification	rareguy & Reina	cokeAnut	51.5	63.0	inert COC	totally ramified COC	Simon_Axis•騎士•StR-1	
DerRichter.Ωμεγα.0	Der Richter	Ωμεγα	森灵	110.625	121.25	Min(C,t,y)	Max(C,t,y)	Absolute(6)	Concat(Ramification,Richter)
ATHAZA.LeaF.0	ATHAZA	LeaF	御坂果子	42.2140007019043	55.92900085449219	LDAJOY&PLEASANT ^V^ LDA	ANGER&SORROW >^< LDA	Affection&memories \\// Salt & Simon_Axis	FORGET :: CLUTTER
Random.SobremSilentroom.1	Random [R]	Sobrem × Silentroom	78.0	108.0	Harkiadel	Barbarianerman × V17AMax	IMD_6 × Jky	_鉄 × Rikko
Random.SobremSilentroom.2	Random [A]	Sobrem × Silentroom	78.0	108.0	Harkiadel	Barbarianerman × Pcat	IMD_6 × Ctymax	_鉄 × NerSAN
Random.SobremSilentroom.3	Random [N]	Sobrem × Silentroom	78.0	108.0	Harkiadel	Barbarianerman × TimiTini	IMD_6 × Gausbon	_鉄 × Myna
Random.SobremSilentroom.4	Random [D]	Sobrem × Silentroom	78.0	108.0	Harkiadel	Barbarianerman × Clutter	IMD_6 × Uvernight	_鉄 × Su1fuR
Random.SobremSilentroom.5	Random [O]	Sobrem × Silentroom	78.0	108.0	Harkiadel	Barbarianerman × 阿爽	IMD_6 × 晨	_鉄 × 百九十八
Random.SobremSilentroom.6	Random [M]	Sobrem × Silentroom	78.0	108.0	Harkiadel	Barbarianerman × J.R	IMD_6 × Likey	_鉄 × XMT小咩兔
Introduction	Introduction	姜米條 & ElousΛ.-FZ	L-sp4	None	None	野从
